decision_week,brand,finished_good_sku,total_forecast_4w,available_inventory,shortage_qty,total_allocation_qty,total_unfulfilled_qty,max_priority_score,lead_time_week,shortage_flag,sku_fill_rate
61,AquaMuse,AM_BASIC_TONER,3714,8140,0,3714,0,0.7554060312331717,2.6795907377490575,False,1.0
61,AquaMuse,AM_BUNDLE_KIT,2567,2207,360,2207,360,0.905262563303467,2.5504479937670435,True,0.859758472925594
61,GlowLab,GL_HERO_SERUM,9543,11530,0,9543,0,0.7586776694959656,2.562401760452688,False,1.0
61,GlowLab,GL_NEW_AMPOULE,3225,1376,1849,1376,1849,0.7596976744186047,2.7646511627906976,True,0.4266666666666667
61,PureLeaf,PL_GLOBAL_CREAM,3661,2506,1155,2506,1155,0.9188738049713193,3.0538104343075663,True,0.6845124282982792
61,PureLeaf,PL_SLOW_MASK,495,944,0,495,0,0.7686565656565656,2.5414141414141413,False,1.0
