model_name,split,wape,forecast_accuracy,bias_pct,hit_rate_20,mae,calibration_factor,selected_final_model
RandomForestRegressor,validation,0.201762415366286,0.798237584633714,-0.08622468253276377,0.5868055555555556,192.86805555555554,1.0,False
HistGradientBoostingRegressor,validation,0.19949583006421992,0.8005041699357801,-0.08553453636707059,0.6111111111111112,190.70138888888889,1.0935676439010558,True
HistGradientBoostingRegressor,test,0.22849321809737644,0.7715067819026236,-0.07653348916843519,0.5520833333333334,232.15625,1.0935676439010558,True
